LoginName,Role,ReportingTo
Oliver,AO,
See,CM,
Krishnan,CM,
Sheng,ACM,
Nair,ACM,
Sharma,ACM,
Kaur,ACM,
Pok,TL,
Soo,TL,
Zhao,TL,
Wee,TL,
girisha@gmail.com,TL,
Ali,ATL,
Zhuang,ATL,
Jing,ATL,
Teoh,ATL,
Lei,ATL,
Yip,ATL,
Fu,ATL,
Foong,ATL,
Chia,MARKER,
Tao,MARKER,
Tay,MARKER,
Kwok,MARKER,
Cai,MARKER,
Lau,MARKER,
Lu,MARKER,
Seah,MARKER,
Koo,MARKER,
Man,MARKER,
Han,MARKER,
Hwee,MARKER,
Che,MARKER,
Mani,MARKER,
Lew,MARKER,
Chng,MARKER,
Pei,MARKER,
Tu,MARKER,
Mu,MARKER,
Zhong,MARKER,
Yeoh,MARKER,
Leung,MARKER,
Ahmad,MARKER,
Yue,MARKER,
Pan,MARKER,
Hong,MARKER,
Nai,MARKER,
Khan,MARKER,
Teh,MARKER,
Poh,MARKER,
fg,MARKER,
girisha01@gmail.com,MARKER,
girisha02@gmail.com,MARKER,
